item	context_aff	context_neg	target_aff	target_neg
1	A granary is (a|an)	A granary is not (a|an)	building	fruit
2	A banana is (a|an)	A banana is not (a|an)	fruit	flower
3	A hotel is (a|an)	A hotel is not (a|an)	building	fish
4	A moth is (a|an)	A moth is not (a|an)	insect	bird
5	A chisel is (a|an)	A chisel is not (a|an)	tool	flower
6	A train is (a|an)	A train is not (a|an)	vehicle	fruit
7	A church is (a|an)	A church is not (a|an)	building	tool
8	A cabbage is (a|an)	A cabbage is not (a|an)	vegetable	vehicle
9	A kestrel is (a|an)	A kestrel is not (a|an)	bird	tool
10	A school is (a|an)	A school is not (a|an)	building	insect
11	A daisy is (a|an)	A daisy is not (a|an)	flower	bird
12	An oak is (a|an)	An oak is not (a|an)	tree	vehicle
13	A drill is (a|an)	A drill is not (a|an)	tool	bird
14	A daffodil is (a|an)	A daffodil is not (a|an)	flower	vehicle
15	A cedar is (a|an)	A cedar is not (a|an)	tree	fruit
16	A salmon is (a|an)	A salmon is not (a|an)	fish	flower
17	A hospital is (a|an)	A hospital is not (a|an)	building	tree
18	A pine is (a|an)	A pine is not (a|an)	tree	tool
19	An ant is (a|an)	An ant is not (a|an)	insect	vegetable
20	A radish is (a|an)	A radish is not (a|an)	vegetable	insect
21	A van is (a|an)	A van is not (a|an)	vehicle	bird
22	A lily is (a|an)	A lily is not (a|an)	flower	building
23	A sparrow is (a|an)	A sparrow is not (a|an)	bird	vehicle
24	A grape is (a|an)	A grape is not (a|an)	fruit	tree
25	A bee is (a|an)	A bee is not (a|an)	insect	building
26	A trowel is (a|an)	A trowel is not (a|an)	tool	vegetable
27	A hammer is (a|an)	A hammer is not (a|an)	tool	insect
28	A hawk is (a|an)	A hawk is not (a|an)	bird	fruit
29	A carrot is (a|an)	A carrot is not (a|an)	vegetable	fish
30	A cauliflower is (a|an)	A cauliflower is not (a|an)	vegetable	building
31	A car is (a|an)	A car is not (a|an)	vehicle	tree
32	A halibut is (a|an)	A halibut is not (a|an)	fish	building
33	A maple is (a|an)	A maple is not (a|an)	tree	insect
34	A larch is (a|an)	A larch is not (a|an)	tree	fish
35	A moped is (a|an)	A moped is not (a|an)	vehicle	fish
36	A rose is (a|an)	A rose is not (a|an)	flower	insect
37	A rickshaw is (a|an)	A rickshaw is not (a|an)	vehicle	tree
38	A lemon is (a|an)	A lemon is not (a|an)	fruit	fish
39	A cod is (a|an)	A cod is not (a|an)	fish	vehicle
40	An onion is (a|an)	An onion is not (a|an)	vegetable	tool
41	A truck is (a|an)	A truck is not (a|an)	vehicle	flower
42	An eagle is (a|an)	An eagle is not (a|an)	bird	vegetable
43	A willow is (a|an)	A willow is not (a|an)	tree	vegetable
44	An orchid is (a|an)	An orchid is not (a|an)	flower	fish
45	A pagoda is (a|an)	A pagoda is not (a|an)	building	bird
46	A wrench is (a|an)	A wrench is not (a|an)	tool	fish
47	A robin is (a|an)	A robin is not (a|an)	bird	tree
48	An owl is (a|an)	An owl is not (a|an)	bird	building
49	A guava is (a|an)	A guava is not (a|an)	fruit	bird
50	A shark is (a|an)	A shark is not (a|an)	fish	vehicle
51	A bus is (a|an)	A bus is not (a|an)	vehicle	flower
52	A termite is (a|an)	A termite is not (a|an)	insect	flower
53	A shovel is (a|an)	A shovel is not (a|an)	tool	fruit
54	A turnip is (a|an)	A turnip is not (a|an)	vegetable	building
55	A sunflower is (a|an)	A sunflower is not (a|an)	flower	insect
56	A trout is (a|an)	A trout is not (a|an)	fish	tool
57	A haddock is (a|an)	A haddock is not (a|an)	fish	flower
58	A beetle is (a|an)	A beetle is not (a|an)	insect	vegetable
59	A ladybug is (a|an)	A ladybug is not (a|an)	insect	vegetable
60	A sycamore is (a|an)	A sycamore is not (a|an)	tree	tool
61	A potato is (a|an)	A potato is not (a|an)	vegetable	fruit
62	A house is (a|an)	A house is not (a|an)	building	bird
63	A wasp is (a|an)	A wasp is not (a|an)	insect	tree
64	A papaya is (a|an)	A papaya is not (a|an)	fruit	vegetable
65	An apple is (a|an)	An apple is not (a|an)	fruit	insect
66	A screwdriver is (a|an)	A screwdriver is not (a|an)	tool	tree
67	A woodpecker is (a|an)	A woodpecker is not (a|an)	bird	vehicle
68	A carnation is (a|an)	A carnation is not (a|an)	flower	fruit
69	A peach is (a|an)	A peach is not (a|an)	fruit	tool
70	A tuna is (a|an)	A tuna is not (a|an)	fish	building
